<?xml version="1.0" encoding="utf-8"?>
<!-- BEGIN_INCLUDE(manifest) -->
<manifest xmlns:android="http://schemas.android.com/apk/res/android"
        package="%package%"
        android:versionCode="%versionCode%"
        android:versionName="%versionName%"
        android:installLocation="%installLocation%">

    <!-- This is the platform API where NativeActivity was introduced. -->
    <uses-sdk android:minSdkVersion="%minSdkVersion%" android:targetSdkVersion="25" />
<%uses-permission%>
    <permission android:name="com.delphiworlds.test.permission.C2D_MESSAGE" android:protectionLevel="signature"/>
    <uses-permission android:name="com.delphiworlds.test.permission.C2D_MESSAGE"/>
    <uses-permission android:name="com.google.android.c2dm.permission.RECEIVE" />
    <uses-feature android:glEsVersion="0x00020000" android:required="True"/>
    <application android:persistent="%persistent%" 
        android:restoreAnyVersion="%restoreAnyVersion%" 
        android:label="%label%" 
        android:debuggable="%debuggable%" 
        android:largeHeap="%largeHeap%"
        android:icon="%icon%"
        android:theme="%theme%"
        android:hardwareAccelerated="%hardwareAccelerated%">

<%application-meta-data%>
        <meta-data android:name="com.google.android.gms.version" android:value="@integer/google_play_services_version" />
        <provider
            android:name="com.google.firebase.provider.FirebaseInitProvider"
            android:authorities="com.delphiworlds.test.firebaseinitprovider"
            android:initOrder="100"
            android:exported="false">
        </provider>
        <!-- **** FCM **** default channel id BEGIN -->
        <!-- <meta-data android:name="com.google.firebase.messaging.default_notification_channel_id" android:value="default"/> -->
        <!-- **** FCM **** default channel id END -->

		<%services%>
        <!-- **** FCM **** Services BEGIN -->
        <service android:name="com.delphiworlds.kastri.DWFirebaseMessagingService">
            <intent-filter>
                <action android:name="com.google.firebase.MESSAGING_EVENT"/>
            </intent-filter>
        </service>
        <service android:name="com.google.firebase.messaging.FirebaseMessagingService" android:exported="true">
            <intent-filter android:priority="-500">
                <action android:name="com.google.firebase.MESSAGING_EVENT"/>
            </intent-filter>
        </service>
        <service android:name="com.google.firebase.iid.FirebaseInstanceIdService" android:exported="true">
            <intent-filter android:priority="-500">
                <action android:name="com.google.firebase.INSTANCE_ID_EVENT"/>
            </intent-filter>
        </service>
        <!-- **** FCM **** Services END -->
        <!-- Our activity is a subclass of the built-in NativeActivity framework class.
             This will take care of integrating with our NDK code. -->
        <activity android:name="com.embarcadero.firemonkey.FMXNativeActivity"
                android:label="%activityLabel%"
                android:configChanges="orientation|keyboard|keyboardHidden|screenSize"
                android:launchMode="singleTask">
            <!-- Tell NativeActivity the name of our .so -->
            <meta-data android:name="android.app.lib_name"
                android:value="%libNameValue%" />
            <intent-filter>  
                <action android:name="android.intent.action.MAIN" />
                <category android:name="android.intent.category.LAUNCHER" />
            </intent-filter> 
        </activity>
        <%activity%>
        <%receivers%>
        <receiver
            android:name="com.google.firebase.iid.FirebaseInstanceIdReceiver"
            android:exported="true"
            android:permission="com.google.android.c2dm.permission.SEND" >
            <intent-filter>
                <action android:name="com.google.android.c2dm.intent.RECEIVE" />
                <action android:name="com.google.android.c2dm.intent.REGISTRATION" />
                <category android:name="com.delphiworlds.test" />
            </intent-filter>
        </receiver>
        <receiver android:name="com.google.firebase.iid.FirebaseInstanceIdInternalReceiver" android:exported="false"/>
    </application>
</manifest>
<!-- END_INCLUDE(manifest) -->
